{"cameraMode":{"drawMode":0,"name":"Shaded","section":"Shading Mode"},"sceneLighting":true,"audioPlay":false,"sceneViewState":{"showFog":true,"showMaterialUpdate":false,"showSkybox":true,"showFlares":true,"showImageEffects":true,"showParticleSystems":true},"in2DMode":false,"pivot":{"x":-18.130104064941408,"y":-13.791515350341797,"z":-7.236167907714844},"rotation":{"x":0.0672840029001236,"y":-0.9268381595611572,"z":0.30971795320510867,"w":0.201337531208992},"size":21.59005355834961,"orthographic":false}