{"cameraMode":{"drawMode":0,"name":"Shaded","section":"Shading Mode"},"sceneLighting":true,"audioPlay":false,"sceneViewState":{"showFog":true,"showMaterialUpdate":false,"showSkybox":true,"showFlares":true,"showImageEffects":true,"showParticleSystems":true},"in2DMode":false,"pivot":{"x":-12.742557525634766,"y":3.001570701599121,"z":11.008790016174317},"rotation":{"x":0.019118797034025193,"y":-0.9352514743804932,"z":-0.051117245107889178,"w":-0.34977883100509646},"size":0.0016608781879767776,"orthographic":false}